Identifiant;Longueur;Taux de A;Taux de C;Taux de G;Taux de T
f_2000_0;2000;0.234;0.261;0.28;0.226
f_2000_1;2000;0.243;0.251;0.271;0.235
f_2000_2;2000;0.221;0.27;0.272;0.237
f_2000_3;2000;0.229;0.253;0.282;0.236
f_2000_4;2000;0.22;0.265;0.284;0.232
f_2000_5;2000;0.218;0.264;0.288;0.23
f_2000_6;2000;0.221;0.269;0.285;0.226
f_2000_7;2000;0.24;0.269;0.288;0.203
f_2000_8;2000;0.239;0.267;0.263;0.231
f_2000_9;2000;0.227;0.258;0.29;0.226
f_2000_10;2000;0.222;0.262;0.293;0.224
f_2000_11;2000;0.218;0.257;0.278;0.248
f_2000_12;2000;0.231;0.288;0.273;0.208
f_2000_13;2000;0.234;0.274;0.249;0.243
f_2000_14;2000;0.241;0.258;0.263;0.238
f_2000_15;2000;0.226;0.259;0.277;0.239
f_2000_16;2000;0.207;0.275;0.276;0.243
f_2000_17;2000;0.204;0.275;0.273;0.248
f_2000_18;2000;0.217;0.268;0.261;0.255
f_2000_19;2000;0.221;0.249;0.308;0.222
f_2000_20;2000;0.219;0.29;0.274;0.217
f_2000_21;2000;0.221;0.262;0.279;0.239
f_2000_22;2000;0.228;0.256;0.281;0.236
f_2000_23;2000;0.215;0.278;0.283;0.224
f_2000_24;2000;0.238;0.276;0.277;0.209
f_2000_25;2000;0.234;0.253;0.29;0.223
f_2000_26;2000;0.23;0.266;0.283;0.221
f_2000_27;2000;0.233;0.264;0.273;0.232
f_2000_28;2000;0.22;0.268;0.269;0.243
f_2000_29;2000;0.232;0.264;0.281;0.223
